{"count":1,"gauges":{},"self":47.0196416,"total":50.183772399999995,"children":{"AgentResetIfDone":{"count":2478,"self":0.0270037,"total":0.0270037,"children":null},"AgentSendState":{"count":2478,"self":0.0950369,"total":0.2606185,"children":{"CollectObservations":{"count":2478,"self":0.1655816,"total":0.1655816,"children":null}}},"DecideAction":{"count":2478,"self":2.8575185999999997,"total":2.8575185999999997,"children":null},"AcademyStep":{"count":2478,"self":0.0079947,"total":0.0079947,"children":null},"AgentAct":{"count":2478,"self":0.0099962,"total":0.0099962,"children":null}}}