{"count":1,"gauges":{},"self":93.040755199999992,"total":96.240892399999993,"children":{"AgentResetIfDone":{"count":2544,"self":0.027008599999999997,"total":0.027008599999999997,"children":null},"AgentSendState":{"count":2544,"self":0.101064,"total":0.2681356,"children":{"CollectObservations":{"count":2544,"self":0.1670716,"total":0.1670716,"children":null}}},"DecideAction":{"count":2544,"self":2.874001,"total":2.874001,"children":null},"AcademyStep":{"count":2544,"self":0.0039983,"total":0.0039983,"children":null},"AgentAct":{"count":2544,"self":0.021979199999999997,"total":0.021979199999999997,"children":null}}}