{"count":1,"gauges":{},"self":40.489184,"total":42.7115447,"children":{"AgentResetIfDone":{"count":2081,"self":0.0189449,"total":0.0189449,"children":null},"AgentSendState":{"count":2081,"self":0.0588335,"total":0.1545764,"children":{"CollectObservations":{"count":2081,"self":0.095742899999999992,"total":0.095742899999999992,"children":null}}},"DecideAction":{"count":2081,"self":2.0239064,"total":2.0239062999999997,"children":null},"AcademyStep":{"count":2081,"self":0.0059809999999999993,"total":0.0059809999999999993,"children":null},"AgentAct":{"count":2081,"self":0.0189516,"total":0.0189516,"children":null}}}