{"count":1,"gauges":{},"self":158.45428479999998,"total":163.2645837,"children":{"AgentResetIfDone":{"count":6775,"self":0.067947899999999992,"total":0.067947899999999992,"children":null},"AgentSendState":{"count":6775,"self":0.1437973,"total":0.36471709999999996,"children":{"CollectObservations":{"count":2919,"self":0.2209198,"total":0.2209198,"children":null}}},"DecideAction":{"count":6775,"self":4.2996544,"total":4.2996545,"children":null},"AcademyStep":{"count":6775,"self":0.0179882,"total":0.0179882,"children":null},"AgentAct":{"count":6775,"self":0.0589883,"total":0.0589883,"children":null}}}