{"count":1,"gauges":{},"self":39.4806944,"total":42.049177,"children":{"AgentResetIfDone":{"count":2071,"self":0.0080051999999999988,"total":0.0080051999999999988,"children":null},"AgentSendState":{"count":2071,"self":0.0820682,"total":0.2111818,"children":{"CollectObservations":{"count":2071,"self":0.1291136,"total":0.1291136,"children":null}}},"DecideAction":{"count":2071,"self":2.3233158,"total":2.3233158,"children":null},"AcademyStep":{"count":2071,"self":0.0019974,"total":0.0019974,"children":null},"AgentAct":{"count":2071,"self":0.021981999999999998,"total":0.021981999999999998,"children":null}}}